"Symbol","Name","LastSale","MarketCap","ADR TSO","IPOyear","Sector","Industry","Summary Quote",
"AXAS","Abraxas Petroleum Corporation","1.97","322785782.47","n/a","n/a","Energy","Oil & Gas Production","http://www.nasdaq.com/symbol/axas",
"AE","Adams Resources & Energy, Inc.","39.71","167480737.16","n/a","n/a","Energy","Oil Refining/Marketing","http://www.nasdaq.com/symbol/ae",
"AAV","Advantage Oil & Gas Ltd","6.55","1212357591.1","n/a","n/a","Energy","Oil & Gas Production","http://www.nasdaq.com/symbol/aav",
"ANW","Aegean Marine Petroleum Network Inc.","10.55","415710322.1","n/a","2006","Energy","Oil Refining/Marketing","http://www.nasdaq.com/symbol/anw",
"AHGP","Alliance Holdings GP, L.P.","28.67","1716272210","n/a","2006","Energy","Coal Mining","http://www.nasdaq.com/symbol/ahgp",
"ARLP","Alliance Resource Partners, L.P.","22.8","1700812420.8","n/a","1999","Energy","Coal Mining","http://www.nasdaq.com/symbol/arlp",
"ALJ","Alon USA Energy, Inc.","12.74","915718891.36","n/a","2005","Energy","Integrated oil Companies","http://www.nasdaq.com/symbol/alj",
"ALDW","Alon USA Partners, LP","11.44","715231316.8","n/a","2012","Energy","Integrated oil Companies","http://www.nasdaq.com/symbol/aldw",
"AETI","American Electric Technologies, Inc.","1.9","15838339.2","n/a","n/a","Energy","Industrial Machinery/Components","http://www.nasdaq.com/symbol/aeti",
"AEUA","Anadarko Petroleum Corporation","44.77","0","n/a","2015","Energy","Oil & Gas Production","http://www.nasdaq.com/symbol/aeua",
"APC","Anadarko Petroleum Corporation","51.75","28997550495","n/a","n/a","Energy","Oil & Gas Production","http://www.nasdaq.com/symbol/apc",
"AR","Antero Resources Corporation","20.94","6605474230.74","n/a","2013","Energy","Oil & Gas Production","http://www.nasdaq.com/symbol/ar",
"APA","Apache Corporation","50.97","19390894023.15","n/a","n/a","Energy","Oil & Gas Production","http://www.nasdaq.com/symbol/apa",
"AREX","Approach Resources Inc.","2.98","257126993.48","n/a","2007","Energy","Oil & Gas Production","http://www.nasdaq.com/symbol/arex",
"ARCX","Arc Logistic Partners LP","14.26","278334908.02","n/a","2013","Energy","Oil Refining/Marketing","http://www.nasdaq.com/symbol/arcx",
"ARCH","Arch Coal, Inc.","74.16","1855563218.64","n/a","2016","Energy","Coal Mining","http://www.nasdaq.com/symbol/arch",
"AT","Atlantic Power Corporation","2.45","282312267.65","n/a","n/a","Energy","Electric Utilities: Central","http://www.nasdaq.com/symbol/at",
"ATW","Atwood Oceanics, Inc.","8.29","667506008.38","n/a","n/a","Energy","Oil & Gas Production","http://www.nasdaq.com/symbol/atw",
"BHI","Baker Hughes Incorporated","57.5","24464163612.5","n/a","n/a","Energy","Metal Fabrications","http://www.nasdaq.com/symbol/bhi",
"BLDP","Ballard Power Systems, Inc.","2.715","474445245.45","n/a","n/a","Energy","Industrial Machinery/Components","http://www.nasdaq.com/symbol/bldp",
"BRN","Barnwell Industries, Inc.","1.82","15064431.2","n/a","n/a","Energy","Oil & Gas Production","http://www.nasdaq.com/symbol/brn",
"BAS","Basic Energy Services, Inc.","27.74","721254230.62","n/a","2005","Energy","Oilfield Services/Equipment","http://www.nasdaq.com/symbol/bas",
"BTE","Baytex Energy Corp","3.32","777557578.8","n/a","n/a","Energy","Oil & Gas Production","http://www.nasdaq.com/symbol/bte",
"BXE","Bellatrix Exploration Ltd","0.7543","185999690.0604","n/a","n/a","Energy","Oil & Gas Production","http://www.nasdaq.com/symbol/bxe",
"BBL","BHP Billiton plc","31.27","83216395523.25","n/a","n/a","Energy","Coal Mining","http://www.nasdaq.com/symbol/bbl",
"BBG","Bill Barrett Corporation","3.78","288398532.24","n/a","2004","Energy","Oil & Gas Production","http://www.nasdaq.com/symbol/bbg",
"BSM","Black Stone Minerals, L.P.","16.46","3178197782.1","n/a","2015","Energy","Oil & Gas Production","http://www.nasdaq.com/symbol/bsm",
"BKEP","Blueknight Energy Partners L.P., L.L.C.","6.9","263272494.6","n/a","2011","Energy","Natural Gas Distribution","http://www.nasdaq.com/symbol/bkep",
"BKEPP","Blueknight Energy Partners L.P., L.L.C.","7.85","236745159.15","n/a","n/a","Energy","Natural Gas Distribution","http://www.nasdaq.com/symbol/bkepp",
"BCEI","Bonanza Creek Energy, Inc.","38.4","781297728","n/a","2017","Energy","Oil & Gas Production","http://www.nasdaq.com/symbol/bcei",
"BP","BP p.l.c.","36.24","118773749107.92","n/a","n/a","Energy","Integrated oil Companies","http://www.nasdaq.com/symbol/bp",
"BPT","BP Prudhoe Bay Royalty Trust","19.95","426930000","n/a","n/a","Energy","Integrated oil Companies","http://www.nasdaq.com/symbol/bpt",
"BGG","Briggs & Stratton Corporation","24.32","1040355098.88","n/a","n/a","Energy","Industrial Machinery/Components","http://www.nasdaq.com/symbol/bgg",
"BC","Brunswick Corporation","57.02","5092265582.14","n/a","n/a","Energy","Industrial Machinery/Components","http://www.nasdaq.com/symbol/bc",
"BPL","Buckeye Partners L.P.","66.45","9338061412.2","n/a","1986","Energy","Natural Gas Distribution","http://www.nasdaq.com/symbol/bpl",
"BWXT","BWX Technologies, Inc.","49.6","4912715576","n/a","n/a","Energy","Industrial Machinery/Components","http://www.nasdaq.com/symbol/bwxt",
"CJ","C","32.81","2075979288.41","n/a","2017","Energy","Oilfield Services/Equipment","http://www.nasdaq.com/symbol/cj",
"COG","Cabot Oil & Gas Corporation","23.82","11088767030.7","n/a","1990","Energy","Oil & Gas Production","http://www.nasdaq.com/symbol/cog",
"CRC","California Resources Corporation","12.51","532838217.33","n/a","2014","Energy","Oil & Gas Production","http://www.nasdaq.com/symbol/crc",
"CPE","Callon Petroleum Company","12.48","2509245847.68","n/a","n/a","Energy","Oil & Gas Production","http://www.nasdaq.com/symbol/cpe",
"CPE^A","Callon Petroleum Company","53.1792","0","n/a","n/a","Energy","Oil & Gas Production","http://www.nasdaq.com/symbol/cpe^a",
"CLMT","Calumet Specialty Products Partners, L.P.","4.7","360451760.8","n/a","2006","Energy","Integrated oil Companies","http://www.nasdaq.com/symbol/clmt",
"CEI","Camber Energy, Inc.","0.25","5941683.25","n/a","n/a","Energy","Oil & Gas Production","http://www.nasdaq.com/symbol/cei",
"CNQ","Canadian Natural Resources Limited","31.19","34701396617.93","n/a","n/a","Energy","Oil & Gas Production","http://www.nasdaq.com/symbol/cnq",
"CPST","Capstone Turbine Corporation","0.66","23578507.26","n/a","2000","Energy","Industrial Machinery/Components","http://www.nasdaq.com/symbol/cpst",
"CRZO","Carrizo Oil & Gas, Inc.","24.19","1591872878.16","n/a","1997","Energy","Oil & Gas Production","http://www.nasdaq.com/symbol/crzo",
"CVE","Cenovus Energy Inc","9.58","9778266060.98","n/a","n/a","Energy","Oil & Gas Production","http://www.nasdaq.com/symbol/cve",
"CDEV","Centennial Resource Development, Inc.","16.72","3782511427.2","n/a","2016","Energy","Oil & Gas Production","http://www.nasdaq.com/symbol/cdev",
"CGG","CGG","5.91","130806910.59","n/a","n/a","Energy","Oil & Gas Production","http://www.nasdaq.com/symbol/cgg",
"CHK","Chesapeake Energy Corporation","5.54","5030692426.5","n/a","n/a","Energy","Oil & Gas Production","http://www.nasdaq.com/symbol/chk",
"CHKR","Chesapeake Granite Wash Trust","2.85","133237500","n/a","2011","Energy","Oil & Gas Production","http://www.nasdaq.com/symbol/chkr",
"CVX","Chevron Corporation","107.25","203191733637.75","n/a","n/a","Energy","Integrated oil Companies","http://www.nasdaq.com/symbol/cvx",
"SNP","China Petroleum & Chemical Corporation","81.88","99133106420.48","n/a","n/a","Energy","Integrated oil Companies","http://www.nasdaq.com/symbol/snp",
"CYD","China Yuchai International Limited","17.36","706762056","n/a","1994","Energy","Industrial Machinery/Components","http://www.nasdaq.com/symbol/cyd",
"XEC","Cimarex Energy Co","117.16","11142925802.04","n/a","n/a","Energy","Oil & Gas Production","http://www.nasdaq.com/symbol/xec",
"CKX","CKX Lands, Inc.","11.505","22348404.975","n/a","n/a","Energy","Oil & Gas Production","http://www.nasdaq.com/symbol/ckx",
"CLD","Cloud Peak Energy Inc","3.45","258941768.25","n/a","2009","Energy","Coal Mining","http://www.nasdaq.com/symbol/cld",
"CEO","CNOOC Limited","118.07","1191953960.12","n/a","2001","Energy","Oil & Gas Production","http://www.nasdaq.com/symbol/ceo",
"CNXC","CNX Coal Resources LP","15.85","369775776.7","n/a","2015","Energy","Coal Mining","http://www.nasdaq.com/symbol/cnxc",
"CIE","Cobalt International Energy, Inc.","0.2963","132834186.6288","n/a","2009","Energy","Oil & Gas Production","http://www.nasdaq.com/symbol/cie",
"CRK","Comstock Resources, Inc.","8.25","126822300","n/a","n/a","Energy","Oil & Gas Production","http://www.nasdaq.com/symbol/crk",
"CXO","Concho Resources Inc.","133.08","19751700330","n/a","2007","Energy","Oil & Gas Production","http://www.nasdaq.com/symbol/cxo",
"COP","ConocoPhillips","47.13","58304709304.89","n/a","n/a","Energy","Integrated oil Companies","http://www.nasdaq.com/symbol/cop",
"CNX","CONSOL Energy Inc.","16.22","3731397586.06","n/a","1999","Energy","Coal Mining","http://www.nasdaq.com/symbol/cnx",
"MCF","Contango Oil & Gas Company","7.2","184120164","n/a","n/a","Energy","Oil & Gas Production","http://www.nasdaq.com/symbol/mcf",
"CLR","Continental Resources, Inc.","42.23","15844314536.41","n/a","2007","Energy","Oil & Gas Production","http://www.nasdaq.com/symbol/clr",
"CLB","Core Laboratories N.V.","105.25","4650242436.5","n/a","1995","Energy","Oilfield Services/Equipment","http://www.nasdaq.com/symbol/clb",
"CPG","Crescent Point Energy Corporation","9.67","5266666943.36","n/a","n/a","Energy","Oil & Gas Production","http://www.nasdaq.com/symbol/cpg",
"CRT","Cross Timbers Royalty Trust","15.14","90840000","n/a","1992","Energy","Oil & Gas Production","http://www.nasdaq.com/symbol/crt",
"CAPL","CrossAmerica Partners LP","25.34","854632550.8","n/a","2012","Energy","Oil Refining/Marketing","http://www.nasdaq.com/symbol/capl",
"CCLP","CSI Compressco LP","6.41","221112770.52","n/a","2011","Energy","Oilfield Services/Equipment","http://www.nasdaq.com/symbol/cclp",
"CMI","Cummins Inc.","157.42","26442655511.74","n/a","n/a","Energy","Industrial Machinery/Components","http://www.nasdaq.com/symbol/cmi",
"CVI","CVR Energy Inc.","21.23","1843423191.5","n/a","2007","Energy","Integrated oil Companies","http://www.nasdaq.com/symbol/cvi",
"CVRR","CVR Refining, LP","10","1476000000","n/a","2013","Energy","Integrated oil Companies","http://www.nasdaq.com/symbol/cvrr",
"CELP","Cypress Energy Partners, L.P.","7.55","89612422.25","n/a","2014","Energy","Oilfield Services/Equipment","http://www.nasdaq.com/symbol/celp",
"DWSN","Dawson Geophysical Company","4.35","94321619.85","n/a","n/a","Energy","Oil & Gas Production","http://www.nasdaq.com/symbol/dwsn",
"DKL","Delek Logistics Partners, L.P.","31.25","760268968.75","n/a","2012","Energy","Natural Gas Distribution","http://www.nasdaq.com/symbol/dkl",
"DK","Delek US Holdings, Inc.","25.25","1566238259.5","n/a","2006","Energy","Integrated oil Companies","http://www.nasdaq.com/symbol/dk",
"DNR","Denbury Resources Inc.","1.78","709040572","n/a","n/a","Energy","Oil & Gas Production","http://www.nasdaq.com/symbol/dnr",
"DVN","Devon Energy Corporation","37.92","19934544000","n/a","n/a","Energy","Oil & Gas Production","http://www.nasdaq.com/symbol/dvn",
"DO","Diamond Offshore Drilling, Inc.","13.85","1900554560.6","n/a","1995","Energy","Oil & Gas Production","http://www.nasdaq.com/symbol/do",
"FANG","Diamondback Energy, Inc.","103.97","10202372630.71","n/a","2012","Energy","Oil & Gas Production","http://www.nasdaq.com/symbol/fang",
"DMLP","Dorchester Minerals, L.P.","16.85","516881012.35","n/a","n/a","Energy","Oil & Gas Production","http://www.nasdaq.com/symbol/dmlp",
"DRQ","Dril-Quip, Inc.","52.9","2001439336.8","n/a","1997","Energy","Metal Fabrications","http://www.nasdaq.com/symbol/drq",
"ESTE","Earthstone Energy, Inc.","13.19","297562377.05","n/a","n/a","Energy","Oil & Gas Production","http://www.nasdaq.com/symbol/este",
"ECT","ECA Marcellus Trust I","2.15","37850750","n/a","2010","Energy","Oil & Gas Production","http://www.nasdaq.com/symbol/ect",
"ECR","Eclipse Resources Corporation","2.44","640708010","n/a","2014","Energy","Oil & Gas Production","http://www.nasdaq.com/symbol/ecr",
"EC","Ecopetrol S.A.","10.11","20784489160.74","n/a","n/a","Energy","Oil & Gas Production","http://www.nasdaq.com/symbol/ec",
"ESES","Eco-Stim Energy Solutions, Inc.","1.28","19263603.2","n/a","n/a","Energy","Oilfield Services/Equipment","http://www.nasdaq.com/symbol/eses",
"EMR","Emerson Electric Company","58.6","37766535735.2","n/a","n/a","Energy","Consumer Electronics/Appliances","http://www.nasdaq.com/symbol/emr",
"EEQ","Enbridge Energy Management LLC","17.08","1434443491.88","n/a","2002","Energy","Oil & Gas Production","http://www.nasdaq.com/symbol/eeq",
"EEP","Enbridge Energy, L.P.","17.51","7673472419.69","n/a","n/a","Energy","Natural Gas Distribution","http://www.nasdaq.com/symbol/eep",
"ENB","Enbridge Inc","39.64","64956123420.16","n/a","n/a","Energy","Natural Gas Distribution","http://www.nasdaq.com/symbol/enb",
"ECA","Encana Corporation","11.15","10850335253.7","n/a","n/a","Energy","Oil & Gas Production","http://www.nasdaq.com/symbol/eca",
"NDRO","Enduro Royalty Trust","3.25","107250000","n/a","2011","Energy","Oil & Gas Production","http://www.nasdaq.com/symbol/ndro",
"EGN","Energen Corporation","55.06","5351194295.08","n/a","n/a","Energy","Oil & Gas Production","http://www.nasdaq.com/symbol/egn",
"ETP","Energy Transfer Partners, L.P.","23.28","31868196188.88","n/a","n/a","Energy","Natural Gas Distribution","http://www.nasdaq.com/symbol/etp",
"EXXI","Energy XXI Gulf Coast, Inc.","27.05","898373617.7","n/a","n/a","Energy","Oil & Gas Production","http://www.nasdaq.com/symbol/exxi",
"ENRJ","EnerJex Resources, Inc.","0.294","2476637.184","n/a","n/a","Energy","Oil & Gas Production","http://www.nasdaq.com/symbol/enrj",
"ERF","Enerplus Corporation","8.08","1956401875.6","n/a","n/a","Energy","Oil & Gas Production","http://www.nasdaq.com/symbol/erf",
"E","ENI S.p.A.","33.39","60672724084.35","n/a","n/a","Energy","Oil & Gas Production","http://www.nasdaq.com/symbol/e",
"ESV","ENSCO plc","7.74","2352961455.12","n/a","n/a","Energy","Oil & Gas Production","http://www.nasdaq.com/symbol/esv",
"ENSV","ENSERVCO Corporation","0.41","20937740.6","n/a","n/a","Energy","Oilfield Services/Equipment","http://www.nasdaq.com/symbol/ensv",
"EOG","EOG Resources, Inc.","93.83","54165099601.8","n/a","n/a","Energy","Oil & Gas Production","http://www.nasdaq.com/symbol/eog",
"EPE","EP Energy Corporation","4.54","1161016942.16","n/a","2014","Energy","Oil & Gas Production","http://www.nasdaq.com/symbol/epe",
"EQT","EQT Corporation","56.16","9733426560","n/a","n/a","Energy","Oil & Gas Production","http://www.nasdaq.com/symbol/eqt",
"ERN","Erin Energy Corp.","1.8","384132619.8","n/a","n/a","Energy","Oil & Gas Production","http://www.nasdaq.com/symbol/ern",
"EVEP","EV Energy Partners, L.P.","1.09","53812067.21","n/a","2006","Energy","Oil & Gas Production","http://www.nasdaq.com/symbol/evep",
"EPM","Evolution Petroleum Corporation, Inc.","8.35","276070179.95","n/a","n/a","Energy","Oil & Gas Production","http://www.nasdaq.com/symbol/epm",
"XCO","EXCO Resources NL","0.4029","114186786.6612","n/a","2006","Energy","Oil & Gas Production","http://www.nasdaq.com/symbol/xco",
"XOG","Extraction Oil & Gas, Inc.","16.24","2790593985.2","n/a","2016","Energy","Oil & Gas Production","http://www.nasdaq.com/symbol/xog",
"XOM","Exxon Mobil Corporation","82.55","349786267272.65","n/a","n/a","Energy","Integrated oil Companies","http://www.nasdaq.com/symbol/xom",
"FPP","FieldPoint Petroleum Corporation","0.41","4374383.89","n/a","n/a","Energy","Oil & Gas Production","http://www.nasdaq.com/symbol/fpp",
"FELP","Foresight Energy LP","5.23","735796623.93","n/a","2014","Energy","Coal Mining","http://www.nasdaq.com/symbol/felp",
"FET","Forum Energy Technologies, Inc.","16.65","1606780278","n/a","2012","Energy","Metal Fabrications","http://www.nasdaq.com/symbol/fet",
"FI","Frank&#39;s International N.V.","8.19","1825180033.95","n/a","2013","Energy","Oilfield Services/Equipment","http://www.nasdaq.com/symbol/fi",
"GST","Gastar Exploration Inc.","1.07","226736833.81","n/a","n/a","Energy","Oil & Gas Production","http://www.nasdaq.com/symbol/gst",
"GEH","General Electric Capital Corporation","25.54","0","n/a","n/a","Energy","Consumer Electronics/Appliances","http://www.nasdaq.com/symbol/geh",
"GEK","General Electric Capital Corporation","25.41","0","n/a","n/a","Energy","Consumer Electronics/Appliances","http://www.nasdaq.com/symbol/gek",
"GE","General Electric Company","28.04","243498322520","n/a","n/a","Energy","Consumer Electronics/Appliances","http://www.nasdaq.com/symbol/ge",
"GEB","General Electric Company","25.3899","0","n/a","n/a","Energy","Consumer Electronics/Appliances","http://www.nasdaq.com/symbol/geb",
"GEL","Genesis Energy, L.P.","31.83","3901696508.94","n/a","1996","Energy","Oil Refining/Marketing","http://www.nasdaq.com/symbol/gel",
"GPRK","Geopark Ltd","7.99","479772174.2","n/a","2014","Energy","Oil & Gas Production","http://www.nasdaq.com/symbol/gprk",
"GLP","Global Partners LP","19.8","673112147.4","n/a","2005","Energy","Oil Refining/Marketing","http://www.nasdaq.com/symbol/glp",
"GDP","Goodrich Petroleum Corporation","13.61","123971121.86","n/a","2017","Energy","Oil & Gas Production","http://www.nasdaq.com/symbol/gdp",
"GTE","Gran Tierra Energy Inc.","2.53","988742193.23","n/a","n/a","Energy","Oil & Gas Production","http://www.nasdaq.com/symbol/gte",
"GPOR","Gulfport Energy Corporation","16.4","2998507136.4","n/a","n/a","Energy","Oil & Gas Production","http://www.nasdaq.com/symbol/gpor",
"HK","Halcon Resources Corporation","6.56","978121524.96","n/a","n/a","Energy","Oil & Gas Production","http://www.nasdaq.com/symbol/hk",
"HNRG","Hallador Energy Company","7.73","228023451.38","n/a","n/a","Energy","Coal Mining","http://www.nasdaq.com/symbol/hnrg",
"HAL","Halliburton Company","46.78","40598884921.5","n/a","n/a","Energy","Oilfield Services/Equipment","http://www.nasdaq.com/symbol/hal",
"HLX","Helix Energy Solutions Group, Inc.","5.91","872635411.86","n/a","n/a","Energy","Oilfield Services/Equipment","http://www.nasdaq.com/symbol/hlx",
"HP","Helmerich & Payne, Inc.","58.24","6322940565.76","n/a","n/a","Energy","Oil & Gas Production","http://www.nasdaq.com/symbol/hp",
"HES","Hess Corporation","48.78","15507483167.52","n/a","n/a","Energy","Integrated oil Companies","http://www.nasdaq.com/symbol/hes",
"HESM","Hess Midstream Partners LP","25.7","1402174215.6","n/a","2017","Energy","Oil & Gas Production","http://www.nasdaq.com/symbol/hesm",
"HEP","Holly Energy Partners, L.P.","34.19","2185522617.59","n/a","2004","Energy","Natural Gas Distribution","http://www.nasdaq.com/symbol/hep",
"HFC","HollyFrontier Corporation","27.07","4800982010.87","n/a","n/a","Energy","Integrated oil Companies","http://www.nasdaq.com/symbol/hfc",
"HOLI","Hollysys Automation Technologies, Ltd.","17.19","1036893906.81","n/a","n/a","Energy","Industrial Machinery/Components","http://www.nasdaq.com/symbol/holi",
"HUSA","Houston American Energy Corporation","0.402","20613509.976","n/a","n/a","Energy","Oil & Gas Production","http://www.nasdaq.com/symbol/husa",
"HGT","Hugoton Royalty Trust","2","80000000","n/a","1999","Energy","Oil & Gas Production","http://www.nasdaq.com/symbol/hgt",
"IPWR","Ideal Power Inc.","2.58","36111697.56","n/a","2013","Energy","Industrial Machinery/Components","http://www.nasdaq.com/symbol/ipwr",
"IMO","Imperial Oil Limited","28.89","24487135427.79","n/a","n/a","Energy","Integrated oil Companies","http://www.nasdaq.com/symbol/imo",
"ICD","Independence Contract Drilling, Inc.","4.38","165610699.56","n/a","2014","Energy","Oil & Gas Production","http://www.nasdaq.com/symbol/icd",
"IO","Ion Geophysical Corporation","4.65","55203158.55","n/a","n/a","Energy","Oil & Gas Production","http://www.nasdaq.com/symbol/io",
"ISRL","Isramco, Inc.","112.3","305196699.3","n/a","1983","Energy","Oil & Gas Production","http://www.nasdaq.com/symbol/isrl",
"JAG","Jagged Peak Energy Inc.","13.18","2806426032.9","n/a","2017","Energy","Oil & Gas Production","http://www.nasdaq.com/symbol/jag",
"JONE","Jones Energy, Inc.","2.25","214559302.5","n/a","2013","Energy","Oil & Gas Production","http://www.nasdaq.com/symbol/jone",
"FRAC","Keane Group, Inc.","14.26","1470605550.94","n/a","2017","Energy","Oilfield Services/Equipment","http://www.nasdaq.com/symbol/frac",
"KEG","Key Energy Services, Inc.","20.25","406953355.5","n/a","2016","Energy","Oilfield Services/Equipment","http://www.nasdaq.com/symbol/keg",
"KRP","Kimbell Royalty Partners","19.125","312363040.5","n/a","2017","Energy","Oil & Gas Production","http://www.nasdaq.com/symbol/krp",
"PHG","Koninklijke Philips N.V.","35.77","32918272520","n/a","n/a","Energy","Consumer Electronics/Appliances","http://www.nasdaq.com/symbol/phg",
"KOS","Kosmos Energy Ltd.","7.28","2822410085.04","n/a","2011","Energy","Oil & Gas Production","http://www.nasdaq.com/symbol/kos",
"LPI","Laredo Petroleum, Inc.","12.48","3026245397.76","n/a","2011","Energy","Oil & Gas Production","http://www.nasdaq.com/symbol/lpi",
"LGCY","Legacy Reserves LP","2.04","148152044.04","n/a","2007","Energy","Oil & Gas Production","http://www.nasdaq.com/symbol/lgcy",
"LGCYO","Legacy Reserves LP","8.5","59500000","n/a","n/a","Energy","Oil & Gas Production","http://www.nasdaq.com/symbol/lgcyo",
"LGCYP","Legacy Reserves LP","8.3083","16616600","n/a","n/a","Energy","Oil & Gas Production","http://www.nasdaq.com/symbol/lgcyp",
"LLEX","Lilis Energy, Inc.","5.4","272265575.4","n/a","n/a","Energy","Oil & Gas Production","http://www.nasdaq.com/symbol/llex",
"LONE","Lonestar Resources US Inc.","3.89","84897363.35","n/a","n/a","Energy","Oil & Gas Production","http://www.nasdaq.com/symbol/lone",
"MIC","Macquarie Infrastructure Company","78.85","6498810928.55","n/a","2004","Energy","Oil Refining/Marketing","http://www.nasdaq.com/symbol/mic",
"MMP","Magellan Midstream Partners L.P.","74.09","16894339354.04","n/a","n/a","Energy","Natural Gas Distribution","http://www.nasdaq.com/symbol/mmp",
"TUSK","Mammoth Energy Services, Inc.","19.54","732750000","n/a","2016","Energy","Oilfield Services/Equipment","http://www.nasdaq.com/symbol/tusk",
"MRO","Marathon Oil Corporation","14.43","12265380822.63","n/a","n/a","Energy","Oil & Gas Production","http://www.nasdaq.com/symbol/mro",
"MPC","Marathon Petroleum Corporation","52.48","27223338804.48","n/a","n/a","Energy","Integrated oil Companies","http://www.nasdaq.com/symbol/mpc",
"MARPS","Marine Petroleum Trust","3.57","7140000","n/a","n/a","Energy","Oil & Gas Production","http://www.nasdaq.com/symbol/marps",
"MMLP","Martin Midstream Partners L.P.","19","730593928","n/a","2002","Energy","Oil Refining/Marketing","http://www.nasdaq.com/symbol/mmlp",
"MTDR","Matador Resources Company","23.61","2365444228.35","n/a","2012","Energy","Oil & Gas Production","http://www.nasdaq.com/symbol/mtdr",
"MTR","Mesa Royalty Trust","14.55","27115234.5","n/a","n/a","Energy","Oil & Gas Production","http://www.nasdaq.com/symbol/mtr",
"MXC","Mexco Energy Corporation","3.96","8067573.36","n/a","n/a","Energy","Oil & Gas Production","http://www.nasdaq.com/symbol/mxc",
"MGEE","MGE Energy Inc.","64.2","2225709354","n/a","n/a","Energy","Electric Utilities: Central","http://www.nasdaq.com/symbol/mgee",
"MCEP","Mid-Con Energy Partners, LP","2.11","63183519.56","n/a","2011","Energy","Oil & Gas Production","http://www.nasdaq.com/symbol/mcep",
"MPO","MIDSTATES PETROLEUM COMPANY, INC.","17.65","442397408.85","n/a","2016","Energy","Oil & Gas Production","http://www.nasdaq.com/symbol/mpo",
"MPLX","MPLX LP","35.41","13411363141.16","n/a","2012","Energy","Natural Gas Distribution","http://www.nasdaq.com/symbol/mplx",
"MUR","Murphy Oil Corporation","26.18","4517258128.46","n/a","n/a","Energy","Oil & Gas Production","http://www.nasdaq.com/symbol/mur",
"MVO","MV Oil Trust","6.15","70725000","n/a","2007","Energy","Oil & Gas Production","http://www.nasdaq.com/symbol/mvo",
"NBR","Nabors Industries Ltd.","10.11","2889445400.52","n/a","n/a","Energy","Oil & Gas Production","http://www.nasdaq.com/symbol/nbr",
"NOV","National Oilwell Varco, Inc.","34.08","12951817489.44","n/a","n/a","Energy","Metal Fabrications","http://www.nasdaq.com/symbol/nov",
"NGS","Natural Gas Services Group, Inc.","26.85","347368196.55","n/a","2002","Energy","Oilfield Services/Equipment","http://www.nasdaq.com/symbol/ngs",
"NRP","Natural Resource Partners LP","32","391424192","n/a","2002","Energy","Coal Mining","http://www.nasdaq.com/symbol/nrp",
"GBR","New Concept Energy, Inc","1.7","3309789.5","n/a","n/a","Energy","Oil & Gas Production","http://www.nasdaq.com/symbol/gbr",
"NFX","Newfield Exploration Company","34.59","6890139761.22","n/a","1993","Energy","Oil & Gas Production","http://www.nasdaq.com/symbol/nfx",
"NR","Newpark Resources, Inc.","8.2","728546064.2","n/a","n/a","Energy","Metal Fabrications","http://www.nasdaq.com/symbol/nr",
"NGL","NGL ENERGY PARTNERS LP","15.45","1702104993.6","n/a","2011","Energy","Oil Refining/Marketing","http://www.nasdaq.com/symbol/ngl",
"NE","Noble Corporation","4.6","1125551662.4","n/a","n/a","Energy","Oil & Gas Production","http://www.nasdaq.com/symbol/ne",
"NBL","Noble Energy Inc.","31.61","13637013704.23","n/a","n/a","Energy","Oil & Gas Production","http://www.nasdaq.com/symbol/nbl",
"NBLX","Noble Midstream Partners LP","46.79","1488163810.72","n/a","2016","Energy","Natural Gas Distribution","http://www.nasdaq.com/symbol/nblx",
"NOA","North American Energy Partners, Inc.","4.45","140096355.15","n/a","2006","Energy","Oilfield Services/Equipment","http://www.nasdaq.com/symbol/noa",
"NADL","North Atlantic Drilling Ltd.","2.61","62938145.52","n/a","2014","Energy","Oil & Gas Production","http://www.nasdaq.com/symbol/nadl",
"NRT","North European Oil Royality Trust","7.5385","69283262.715","n/a","n/a","Energy","Oil & Gas Production","http://www.nasdaq.com/symbol/nrt",
"NOG","Northern Oil and Gas, Inc.","1.95","123488798.55","n/a","n/a","Energy","Oil & Gas Production","http://www.nasdaq.com/symbol/nog",
"DNOW","NOW Inc.","17.68","1903566580.24","n/a","2014","Energy","Metal Fabrications","http://www.nasdaq.com/symbol/dnow",
"NS","Nustar Energy L.P.","46.33","4310118122.25","n/a","n/a","Energy","Natural Gas Distribution","http://www.nasdaq.com/symbol/ns",
"NSH","Nustar GP Holdings, LLC","26.5","1138221348.5","n/a","n/a","Energy","Natural Gas Distribution","http://www.nasdaq.com/symbol/nsh",
"NSS","NuStar Logistics, L.P.","25.67","0","n/a","n/a","Energy","Natural Gas Distribution","http://www.nasdaq.com/symbol/nss",
"OAS","Oasis Petroleum Inc.","11.88","2820699430.56","n/a","2010","Energy","Oil & Gas Production","http://www.nasdaq.com/symbol/oas",
"OXY","Occidental Petroleum Corporation","60.53","46280131511.6","n/a","n/a","Energy","Oil & Gas Production","http://www.nasdaq.com/symbol/oxy",
"ORIG","Ocean Rig UDW Inc.","0.2695","22257156.3445","n/a","n/a","Energy","Oil & Gas Production","http://www.nasdaq.com/symbol/orig",
"OII","Oceaneering International, Inc.","26.06","2560651873.42","n/a","n/a","Energy","Oilfield Services/Equipment","http://www.nasdaq.com/symbol/oii",
"OIS","Oil States International, Inc.","29.85","1541457910.35","n/a","2001","Energy","Metal Fabrications","http://www.nasdaq.com/symbol/ois",
"ROYT","Pacific Coast Oil Trust","1.84","70993010.72","n/a","2012","Energy","Oil & Gas Production","http://www.nasdaq.com/symbol/royt",
"PACD","Pacific Drilling S.A.","1.86","39588240","n/a","2011","Energy","Oil & Gas Production","http://www.nasdaq.com/symbol/pacd",
"PHX","Panhandle Royalty Company","19.4","323374545.4","n/a","n/a","Energy","Oil & Gas Production","http://www.nasdaq.com/symbol/phx",
"PARR","Par Pacific Holdings, Inc.","16.49","755087191.88","n/a","n/a","Energy","Oil & Gas Production","http://www.nasdaq.com/symbol/parr",
"PKD","Parker Drilling Company","1.55","213637552.45","n/a","n/a","Energy","Oil & Gas Production","http://www.nasdaq.com/symbol/pkd",
"PE","Parsley Energy, Inc.","31.82","10002424489","n/a","2014","Energy","Oil & Gas Production","http://www.nasdaq.com/symbol/pe",
"PTEN","Patterson-UTI Energy, Inc.","21.8","4635192430.8","n/a","1993","Energy","Oil & Gas Production","http://www.nasdaq.com/symbol/pten",
"PBF","PBF Energy Inc.","21.42","2349511433.64","n/a","2012","Energy","Integrated oil Companies","http://www.nasdaq.com/symbol/pbf",
"PBFX","PBF Logistics LP","20.05","839177191.2","n/a","2014","Energy","Natural Gas Distribution","http://www.nasdaq.com/symbol/pbfx",
"PDCE","PDC Energy, Inc.","52.62","3465305359.8","n/a","n/a","Energy","Oil & Gas Production","http://www.nasdaq.com/symbol/pdce",
"BTU","Peabody Energy Corporation","24.13","2345436000","n/a","2017","Energy","Coal Mining","http://www.nasdaq.com/symbol/btu",
"PED","Pedevco Corp.","0.802","4407203.332","n/a","n/a","Energy","Oil & Gas Production","http://www.nasdaq.com/symbol/ped",
"PBA","Pembina Pipeline Corp.","32.23","12891630998.73","n/a","n/a","Energy","Oil & Gas Production","http://www.nasdaq.com/symbol/pba",
"PGH","Pengrowth Energy Corporation","1.06","585388773.6","n/a","n/a","Energy","Oil & Gas Production","http://www.nasdaq.com/symbol/pgh",
"PVAC","Penn Virginia Corporation","44.25","663396796.5","n/a","n/a","Energy","Oil & Gas Production","http://www.nasdaq.com/symbol/pvac",
"PWE","Penn West Petroleum Ltd","1.56","786284675.28","n/a","n/a","Energy","Oil & Gas Production","http://www.nasdaq.com/symbol/pwe",
"PBT","Permian Basin Royalty Trust","9.8","456766200.8","n/a","n/a","Energy","Oil & Gas Production","http://www.nasdaq.com/symbol/pbt",
"PZE","Petrobras Argentina S.A.","12.1","2443276552.2","n/a","n/a","Energy","Oil & Gas Production","http://www.nasdaq.com/symbol/pze",
"PTR","PetroChina Company Limited","68.63","125607297064.14","n/a","n/a","Energy","Oil & Gas Production","http://www.nasdaq.com/symbol/ptr",
"PBR","Petroleo Brasileiro S.A.- Petrobras","10.45","68157496459.25","n/a","n/a","Energy","Oil & Gas Production","http://www.nasdaq.com/symbol/pbr",
"PQ","Petroquest Energy Inc","2.17","46048363.48","n/a","n/a","Energy","Oil & Gas Production","http://www.nasdaq.com/symbol/pq",
"PSX","Phillips 66","78.54","40534355769.6","n/a","n/a","Energy","Integrated oil Companies","http://www.nasdaq.com/symbol/psx",
"PSXP","Phillips 66 Partners LP","52.87","5706094885.78","n/a","2013","Energy","Natural Gas Distribution","http://www.nasdaq.com/symbol/psxp",
"PES","Pioneer Energy Services Corp.","2.85","220248544.35","n/a","n/a","Energy","Oil & Gas Production","http://www.nasdaq.com/symbol/pes",
"PXD","Pioneer Natural Resources Company","174.79","29730758575.98","n/a","n/a","Energy","Oil & Gas Production","http://www.nasdaq.com/symbol/pxd",
"PAA","Plains All American Pipeline, L.P.","27.58","19986047313.54","n/a","1998","Energy","Natural Gas Distribution","http://www.nasdaq.com/symbol/paa",
"PAGP","Plains Group Holdings, L.P.","27.75","4225775772","n/a","2013","Energy","Natural Gas Distribution","http://www.nasdaq.com/symbol/pagp",
"PLUG","Plug Power, Inc.","2.03","453610075.17","n/a","1999","Energy","Industrial Machinery/Components","http://www.nasdaq.com/symbol/plug",
"PDS","Precision Drilling Corporation","3.84","1126037214.72","n/a","n/a","Energy","Oil & Gas Production","http://www.nasdaq.com/symbol/pds",
"PNRG","PrimeEnergy Corporation","43.8","99999298.2","n/a","n/a","Energy","Oil & Gas Production","http://www.nasdaq.com/symbol/pnrg",
"PFIE","Profire Energy, Inc.","1.4","70309475.6","n/a","n/a","Energy","Metal Fabrications","http://www.nasdaq.com/symbol/pfie",
"PUMP","ProPetro Holding Corp.","12.64","1049623754.56","n/a","2017","Energy","Oilfield Services/Equipment","http://www.nasdaq.com/symbol/pump",
"QEP","QEP Resources, Inc.","11.48","2760987171.32","n/a","n/a","Energy","Oil & Gas Production","http://www.nasdaq.com/symbol/qep",
"METC","Ramaco Resources, Inc.","5.9","230469198.4","n/a","2017","Energy","Coal Mining","http://www.nasdaq.com/symbol/metc",
"RRC","Range Resources Corporation","25.16","6229372501.52","n/a","n/a","Energy","Oil & Gas Production","http://www.nasdaq.com/symbol/rrc",
"RCON","Recon Technology, Ltd.","1.27","7913105.84","n/a","2009","Energy","Oilfield Services/Equipment","http://www.nasdaq.com/symbol/rcon",
"REN           ","Resolute Energy Corporation","42.02","943321939.12","n/a","n/a","Energy","Oil & Gas Production","http://www.nasdaq.com/symbol/ren",
"REXX","Rex Energy Corporation","4.13","4089720.11","n/a","2007","Energy","Oil & Gas Production","http://www.nasdaq.com/symbol/rexx",
"RICE","Rice Energy Inc.","21.93","4496977137.81","n/a","2014","Energy","Oil & Gas Production","http://www.nasdaq.com/symbol/rice",
"REI","Ring Energy, Inc.","13.22","649983906.2","n/a","n/a","Energy","Oil & Gas Production","http://www.nasdaq.com/symbol/rei",
"ROSE","Rosehill Resources Inc.","9.12","343920681.12","n/a","2016","Energy","Oil & Gas Production","http://www.nasdaq.com/symbol/rose",
"ROSEU","Rosehill Resources Inc.","10.98","0","n/a","2016","Energy","Oil & Gas Production","http://www.nasdaq.com/symbol/roseu",
"ROSEW","Rosehill Resources Inc.","1.24","0","n/a","2016","Energy","Oil & Gas Production","http://www.nasdaq.com/symbol/rosew",
"RDC","Rowan Companies plc","13.47","1698548370.99","n/a","n/a","Energy","Oil & Gas Production","http://www.nasdaq.com/symbol/rdc",
"RES","RPC, Inc.","18.78","4089907254.42","n/a","n/a","Energy","Oilfield Services/Equipment","http://www.nasdaq.com/symbol/res",
"RSPP","RSP Permian, Inc.","40.8","6470478283.2","n/a","2014","Energy","Oil & Gas Production","http://www.nasdaq.com/symbol/rspp",
"SBR","Sabine Royalty Trust","37.7","549641306.5","n/a","n/a","Energy","Oil & Gas Production","http://www.nasdaq.com/symbol/sbr",
"SAEX","SAExploration Holdings, Inc.","4.5799","42861126.9671","n/a","n/a","Energy","Oil & Gas Production","http://www.nasdaq.com/symbol/saex",
"SSN","Samson Oil & Gas Limited","0.4401","7223933.8701","n/a","n/a","Energy","Oil & Gas Production","http://www.nasdaq.com/symbol/ssn",
"SJT","San Juan Basin Royalty Trust","7.58","353294673.68","n/a","n/a","Energy","Oil & Gas Production","http://www.nasdaq.com/symbol/sjt",
"SN","Sanchez Energy Corporation","6.65","547333816.05","n/a","2011","Energy","Oil & Gas Production","http://www.nasdaq.com/symbol/sn",
"SPP","Sanchez Production Partners LP","14.59","206493159.99","n/a","n/a","Energy","Oil & Gas Production","http://www.nasdaq.com/symbol/spp",
"SD","SandRidge Energy, Inc.","20.11","721028927.28","n/a","2016","Energy","Oil & Gas Production","http://www.nasdaq.com/symbol/sd",
"SDT","SandRidge Mississippian Trust I","1.51","42280000","n/a","2011","Energy","Oil & Gas Production","http://www.nasdaq.com/symbol/sdt",
"SDR","SandRidge Mississippian Trust II","1.45","72101250","n/a","2012","Energy","Oil & Gas Production","http://www.nasdaq.com/symbol/sdr",
"PER","SandRidge Permian Trust","3.05","160125000","n/a","2011","Energy","Oil & Gas Production","http://www.nasdaq.com/symbol/per",
"SSL","Sasol Ltd.","31.02","20294155072.62","n/a","n/a","Energy","Oil & Gas Production","http://www.nasdaq.com/symbol/ssl",
"SLB","Schlumberger N.V.","71.37","99166963069.98","n/a","n/a","Energy","Oilfield Services/Equipment","http://www.nasdaq.com/symbol/slb",
"SDRL","Seadrill Limited","0.6115","308467677.22","n/a","n/a","Energy","Oil & Gas Production","http://www.nasdaq.com/symbol/sdrl",
"SDLP","Seadrill Partners LLC","3.33","305765928","n/a","2012","Energy","Oil & Gas Production","http://www.nasdaq.com/symbol/sdlp",
"WTTR","Select Energy Services, Inc.","15.5","1043777920.5","n/a","2017","Energy","Oilfield Services/Equipment","http://www.nasdaq.com/symbol/wttr",
"SEMG","Semgroup Corporation","32.65","2163173216.15","n/a","n/a","Energy","Oilfield Services/Equipment","http://www.nasdaq.com/symbol/semg",
"SEV","Sevcon, Inc.","14.85","79328596.05","n/a","n/a","Energy","Industrial Machinery/Components","http://www.nasdaq.com/symbol/sev",
"SHLX","Shell Midstream Partners, L.P.","31.94","5663519161.36","n/a","2014","Energy","Natural Gas Distribution","http://www.nasdaq.com/symbol/shlx",
"SBOW","SilverBow Resorces, Inc.","27.28","313139181.52","n/a","n/a","Energy","Oil & Gas Production","http://www.nasdaq.com/symbol/sbow",
"SM","SM Energy Company","20.74","2307495586.5","n/a","n/a","Energy","Oil & Gas Production","http://www.nasdaq.com/symbol/sm",
"SWN","Southwestern Energy Company","7.24","3662497388.2","n/a","n/a","Energy","Oil & Gas Production","http://www.nasdaq.com/symbol/swn",
"SWNC","Southwestern Energy Company","17.84","0","n/a","2015","Energy","Oil & Gas Production","http://www.nasdaq.com/symbol/swnc",
"SRLP","Sprague Resources LP","27.1","610929581.7","n/a","2013","Energy","Oil Refining/Marketing","http://www.nasdaq.com/symbol/srlp",
"SRCI","SRC Energy Inc.","7.29","1464043176.72","n/a","n/a","Energy","Oil & Gas Production","http://www.nasdaq.com/symbol/srci",
"STO","Statoil ASA","18","58410889398","n/a","n/a","Energy","Integrated oil Companies","http://www.nasdaq.com/symbol/sto",
"SGY","Stone Energy Corporation","21.51","430198408.26","n/a","1993","Energy","Oil & Gas Production","http://www.nasdaq.com/symbol/sgy",
"SU","Suncor Energy  Inc.","31.98","53381500337.1","n/a","n/a","Energy","Integrated oil Companies","http://www.nasdaq.com/symbol/su",
"SNDE","Sundance Energy Australia Limited","6.7438","1688795.8836","250422","n/a","Energy","Oil & Gas Production","http://www.nasdaq.com/symbol/snde",
"SUN","Sunoco LP","30.44","3527376972.16","n/a","2012","Energy","Oil Refining/Marketing","http://www.nasdaq.com/symbol/sun",
"SDPI","Superior Drilling Products, Inc.","0.78","18873775.44","n/a","2014","Energy","Metal Fabrications","http://www.nasdaq.com/symbol/sdpi",
"SPN","Superior Energy Services, Inc.","11.55","1765204552.65","n/a","n/a","Energy","Oilfield Services/Equipment","http://www.nasdaq.com/symbol/spn",
"FTI","TechnipFMC plc","31.4","14650989082.6","n/a","n/a","Energy","Metal Fabrications","http://www.nasdaq.com/symbol/fti",
"TELL","Tellurian Inc.","10.96","2221027680.56","n/a","n/a","Energy","Oil & Gas Production","http://www.nasdaq.com/symbol/tell",
"TGC","Tengasco, Inc.","0.78","8269314.3","n/a","n/a","Energy","Oil & Gas Production","http://www.nasdaq.com/symbol/tgc",
"TESO","Tesco Corporation","5","233607600","n/a","n/a","Energy","Metal Fabrications","http://www.nasdaq.com/symbol/teso",
"TSO","Tesoro Corporation","81.88","9622618661.2","n/a","n/a","Energy","Integrated oil Companies","http://www.nasdaq.com/symbol/tso",
"TLLP","Tesoro Logistics LP","53.68","5797562014.64","n/a","2011","Energy","Natural Gas Distribution","http://www.nasdaq.com/symbol/tllp",
"TTI","Tetra Technologies, Inc.","3.37","390756885.26","n/a","n/a","Energy","Oil & Gas Production","http://www.nasdaq.com/symbol/tti",
"TPL","Texas Pacific Land Trust","298","2353549764","n/a","n/a","Energy","Oil & Gas Production","http://www.nasdaq.com/symbol/tpl",
"THR","Thermon Group Holdings, Inc.","20.42","660428928.78","n/a","2011","Energy","Industrial Machinery/Components","http://www.nasdaq.com/symbol/thr",
"TRCH","Torchlight Energy Resources, Inc.","1.37","81140674.9","n/a","n/a","Energy","Oil & Gas Production","http://www.nasdaq.com/symbol/trch",
"TOT","Total S.A.","53.96","131843160172.32","n/a","n/a","Energy","Oil & Gas Production","http://www.nasdaq.com/symbol/tot",
"TPIC","TPI Composites, Inc.","16.04","541139282.52","n/a","2016","Energy","Industrial Machinery/Components","http://www.nasdaq.com/symbol/tpic",
"TAT","Transatlantic Petroleum Ltd","1.45","68602734.95","n/a","n/a","Energy","Oil & Gas Production","http://www.nasdaq.com/symbol/tat",
"TGA","Transglobe Energy Corp","1.62","116972697.78","n/a","n/a","Energy","Oil & Gas Production","http://www.nasdaq.com/symbol/tga",
"TLP","TransMontaigne Partners L.P.","42.5","686853635","n/a","2005","Energy","Natural Gas Distribution","http://www.nasdaq.com/symbol/tlp",
"RIG","Transocean Ltd.","10.69","4180275507.73","n/a","n/a","Energy","Oil & Gas Production","http://www.nasdaq.com/symbol/rig",
"TREC","Trecora Resources","11.4","276479229.6","n/a","n/a","Energy","Integrated oil Companies","http://www.nasdaq.com/symbol/trec",
"USEG","U.S. Energy Corp.","0.85","5214330.1","n/a","n/a","Energy","Oil & Gas Production","http://www.nasdaq.com/symbol/useg",
"UPL","Ultra Petroleum Corp.","11.595","2285371763.58","n/a","n/a","Energy","Oil & Gas Production","http://www.nasdaq.com/symbol/upl",
"UNT","Unit Corporation","19.89","1050663432.78","n/a","n/a","Energy","Oil & Gas Production","http://www.nasdaq.com/symbol/unt",
"EGY","Vaalco Energy Inc","1.14","66794646.3","n/a","n/a","Energy","Oil & Gas Production","http://www.nasdaq.com/symbol/egy",
"VLO","Valero Energy Corporation","64.54","28864315136.86","n/a","n/a","Energy","Integrated oil Companies","http://www.nasdaq.com/symbol/vlo",
"VLP","Valero Energy Partners LP","46.91","3197646466.51","n/a","2013","Energy","Natural Gas Distribution","http://www.nasdaq.com/symbol/vlp",
"VET","Vermilion Energy Inc.","34.87","4151123454.39","n/a","n/a","Energy","Oil & Gas Production","http://www.nasdaq.com/symbol/vet",
"VTNR","Vertex Energy, Inc","0.98","31506117.02","n/a","n/a","Energy","Integrated oil Companies","http://www.nasdaq.com/symbol/vtnr",
"VNOM","Viper Energy Partners LP","17.93","1749526133.08","n/a","2014","Energy","Oil & Gas Production","http://www.nasdaq.com/symbol/vnom",
"VOC","VOC Energy Trust","4.56","77520000","n/a","2011","Energy","Oil & Gas Production","http://www.nasdaq.com/symbol/voc",
"VTTI","VTTI Energy Partners LP","19.45","889263725","n/a","2014","Energy","Oil Refining/Marketing","http://www.nasdaq.com/symbol/vtti",
"WTI","W&T Offshore, Inc.","2.22","305637105.84","n/a","2005","Energy","Oil & Gas Production","http://www.nasdaq.com/symbol/wti",
"HCC","Warrior Met Coal, Inc.","16.99","907988618.68","n/a","2017","Energy","Coal Mining","http://www.nasdaq.com/symbol/hcc",
"WFT","Weatherford International plc","5.15","5076614204.65","n/a","n/a","Energy","Metal Fabrications","http://www.nasdaq.com/symbol/wft",
"WNRL","Western Refining Logistics, LP","25.25","1538784919.25","n/a","2013","Energy","Natural Gas Distribution","http://www.nasdaq.com/symbol/wnrl",
"WNR","Western Refining, Inc.","35.48","3860864520.44","n/a","2006","Energy","Integrated oil Companies","http://www.nasdaq.com/symbol/wnr",
"WLB","Westmoreland Coal Company","7.925","147184946.525","n/a","n/a","Energy","Coal Mining","http://www.nasdaq.com/symbol/wlb",
"WMLP","Westmoreland Resource Partners, LP","3.06","3931610.4","n/a","2015","Energy","Coal Mining","http://www.nasdaq.com/symbol/wmlp",
"WPRT","Westport Fuel Systems Inc","1.49","162984098.49","n/a","n/a","Energy","Industrial Machinery/Components","http://www.nasdaq.com/symbol/wprt",
"WLL","Whiting Petroleum Corporation","8.55","3101071867.2","n/a","2003","Energy","Oil & Gas Production","http://www.nasdaq.com/symbol/wll",
"WRD","WildHorse Resource Development Corporation","12.1","1137249246.1","n/a","2016","Energy","Oil & Gas Production","http://www.nasdaq.com/symbol/wrd",
"WG","Willbros Group, Inc.","2.58","161978362.38","n/a","1996","Energy","Oilfield Services/Equipment","http://www.nasdaq.com/symbol/wg",
"WWD","Woodward, Inc.","67.37","4127928729.22","n/a","n/a","Energy","Industrial Machinery/Components","http://www.nasdaq.com/symbol/wwd",
"INT","World Fuel Services Corporation","38.01","2625065092.86","n/a","n/a","Energy","Oil Refining/Marketing","http://www.nasdaq.com/symbol/int",
"WPT","World Point Terminals, LP","16.62","579390052.68","n/a","2013","Energy","Oil Refining/Marketing","http://www.nasdaq.com/symbol/wpt",
"WPX","WPX Energy, Inc.","12.35","4910389059.55","n/a","2011","Energy","Oil & Gas Production","http://www.nasdaq.com/symbol/wpx",
"WPXP","WPX Energy, Inc.","56.29","0","n/a","2015","Energy","Oil & Gas Production","http://www.nasdaq.com/symbol/wpxp",
"YPF","YPF Sociedad Anonima","24.29","9553567741.97","n/a","1993","Energy","Integrated oil Companies","http://www.nasdaq.com/symbol/ypf",
"YUMA","Yuma Energy, Inc.","1.99","24956086.53","n/a","n/a","Energy","Oil & Gas Production","http://www.nasdaq.com/symbol/yuma",
"ZN","Zion Oil & Gas Inc","1.69","80848327.43","n/a","n/a","Energy","Oil & Gas Production","http://www.nasdaq.com/symbol/zn",
"ZNWAA","Zion Oil & Gas Inc","n/a","0","n/a","n/a","Energy","Oil & Gas Production","http://www.nasdaq.com/symbol/znwaa",
